Episodio,Tiempo(s),RecompensaTotal,Resultado
0,17.08,0.61,EXITO
2,16.76,0.64,EXITO
3,7.36,0.85,EXITO
1,41.72,0.19,EXITO
7,12.62,0.75,EXITO
8,16.46,0.64,EXITO
8,6.40,0.86,EXITO
9,8.74,0.81,EXITO
10,17.38,0.66,EXITO
11,19.76,0.69,EXITO
12,6.14,0.90,EXITO
12,18.40,0.58,EXITO
13,10.94,0.80,EXITO
15,5.02,0.90,EXITO
14,17.08,0.63,EXITO
16,14.18,0.76,EXITO
16,19.08,0.61,EXITO
17,4.69,0.91,EXITO
18,14.62,0.68,EXITO
19,6.20,0.91,EXITO
22,6.72,0.93,EXITO
22,13.60,0.76,EXITO
22,8.12,0.94,EXITO
23,8.37,0.84,EXITO
23,6.56,0.86,EXITO
24,8.46,1.03,EXITO
23,6.56,0.87,EXITO
24,2.62,0.96,EXITO
23,16.04,0.74,EXITO
25,18.52,0.67,EXITO
26,10.40,0.88,EXITO
27,11.56,0.77,EXITO
27,13.60,0.88,EXITO
25,17.42,0.79,EXITO
26,11.84,0.84,EXITO
28,8.28,1.00,EXITO
26,18.64,0.72,EXITO
27,4.80,1.13,EXITO
28,7.44,1.00,EXITO
29,4.76,0.98,EXITO
30,6.48,1.02,EXITO
30,3.65,0.94,EXITO
30,1.82,1.00,EXITO
34,3.12,1.04,EXITO
32,2.62,1.01,EXITO
7,0.82,1.01,EXITO
33,2.80,0.94,EXITO
33,7.50,1.06,EXITO
34,18.79,0.73,EXITO
35,5.10,0.94,EXITO
35,6.00,1.08,EXITO
35,6.08,1.06,EXITO
36,5.19,1.08,EXITO
38,1.96,1.06,EXITO
38,6.58,1.11,EXITO
37,15.34,0.77,EXITO
38,2.24,1.07,EXITO
37,3.96,0.93,EXITO
38,7.16,1.09,EXITO
40,15.66,0.82,EXITO
41,0.32,1.06,EXITO
41,4.30,0.92,EXITO
42,9.27,0.96,EXITO
41,2.46,0.96,EXITO
40,1.36,1.01,EXITO
41,8.54,0.95,EXITO
42,4.78,1.01,EXITO
42,10.58,0.95,EXITO
42,8.78,0.99,EXITO
44,3.42,1.04,EXITO
43,4.08,1.01,EXITO
45,0.36,0.99,EXITO
44,9.48,1.01,EXITO
44,7.32,0.87,EXITO
45,9.02,0.85,EXITO
44,3.06,1.03,EXITO
46,3.02,1.19,EXITO
45,0.38,1.00,EXITO
47,7.78,0.85,EXITO
47,3.88,0.97,EXITO
46,1.78,1.13,EXITO
46,2.96,1.00,EXITO
48,3.56,1.11,EXITO
49,3.66,1.03,EXITO
49,1.63,0.99,EXITO
47,0.58,1.07,EXITO
46,1.64,0.98,EXITO
50,0.88,1.03,EXITO
50,6.68,1.02,EXITO
51,9.44,1.01,EXITO
49,4.30,1.16,EXITO
52,5.06,0.98,EXITO
53,6.56,1.04,EXITO
55,0.78,1.02,EXITO
53,0.78,1.11,EXITO
54,7.33,0.93,EXITO
56,1.28,1.03,EXITO
57,2.02,1.12,EXITO
59,3.96,0.93,EXITO
58,4.41,1.17,EXITO
59,3.96,1.07,EXITO
60,5.14,0.89,EXITO
59,7.40,1.10,EXITO
57,4.60,1.14,EXITO
61,2.70,1.03,EXITO
62,2.45,1.00,EXITO
61,0.56,1.01,EXITO
59,3.62,1.08,EXITO
62,3.74,0.97,EXITO
64,0.80,1.06,EXITO
65,2.96,1.00,EXITO
63,2.96,1.19,EXITO
65,3.58,1.18,EXITO
68,5.70,1.09,EXITO
65,4.18,0.96,EXITO
65,1.52,1.16,EXITO
67,2.94,1.00,EXITO
67,0.76,1.00,EXITO
68,3.54,1.14,EXITO
68,1.06,1.02,EXITO
68,1.54,1.00,EXITO
67,2.70,0.97,EXITO
68,1.20,1.26,EXITO
69,5.88,1.09,EXITO
70,2.18,1.07,EXITO
69,0.30,1.03,EXITO
72,2.54,1.05,EXITO
71,10.14,0.94,EXITO
74,1.18,1.25,EXITO
74,1.84,1.18,EXITO
76,2.02,1.23,EXITO
75,4.12,0.97,EXITO
76,2.10,1.21,EXITO
78,2.18,1.10,EXITO
77,2.06,1.26,EXITO
16,2.08,1.01,EXITO
80,1.98,1.15,EXITO
78,1.12,1.22,EXITO
77,2.98,1.19,EXITO
81,1.44,1.15,EXITO
83,1.86,1.05,EXITO
80,1.28,1.08,EXITO
80,12.64,0.93,EXITO
82,4.42,1.01,EXITO
82,3.46,0.94,EXITO
82,0.60,1.06,EXITO
86,2.56,1.16,EXITO
85,1.50,0.98,EXITO
85,2.62,1.07,EXITO
87,2.90,1.12,EXITO
84,1.24,1.03,EXITO
90,1.94,1.21,EXITO
87,0.62,1.03,EXITO
87,7.68,0.97,EXITO
87,2.18,1.19,EXITO
90,1.32,1.01,EXITO
88,1.02,1.04,EXITO
86,1.12,1.01,EXITO
87,3.00,1.07,EXITO
90,1.28,1.09,EXITO
89,5.82,0.89,EXITO
88,2.12,1.03,EXITO
90,1.44,1.00,EXITO
89,3.10,0.98,EXITO
91,6.20,0.90,EXITO
91,1.18,1.20,EXITO
92,1.50,1.13,EXITO
89,1.20,1.02,EXITO
97,1.00,1.10,EXITO
20,2.06,1.14,EXITO
21,3.22,1.15,EXITO
96,5.66,0.98,EXITO
97,3.89,0.96,EXITO
96,3.60,1.03,EXITO
97,1.98,1.03,EXITO
99,2.72,1.22,EXITO
100,4.50,1.04,EXITO
102,9.64,1.03,EXITO
102,6.86,0.90,EXITO
104,3.48,0.95,EXITO
105,1.15,1.16,EXITO
101,0.80,1.01,EXITO
103,2.14,1.10,EXITO
102,0.86,1.11,EXITO
103,12.30,0.76,EXITO
104,4.32,1.00,EXITO
100,1.52,1.12,EXITO
105,1.95,0.98,EXITO
104,4.47,1.00,EXITO
104,9.82,0.94,EXITO
105,9.52,0.85,EXITO
105,2.20,1.03,EXITO
106,1.84,1.13,EXITO
105,9.62,0.87,EXITO
107,1.04,1.01,EXITO
108,6.97,0.95,EXITO
105,0.90,1.24,EXITO
108,7.42,1.02,EXITO
109,2.14,1.20,EXITO
112,0.62,1.03,EXITO
110,10.06,0.86,EXITO
109,4.60,1.03,EXITO
111,3.95,1.10,EXITO
112,1.22,1.02,EXITO
108,3.56,1.10,EXITO
113,1.35,1.06,EXITO
110,4.36,1.01,EXITO
115,0.44,1.01,EXITO
108,0.94,1.22,EXITO
110,1.26,1.26,EXITO
113,2.04,0.99,EXITO
113,1.22,1.26,EXITO
118,1.26,1.07,EXITO
115,2.18,1.09,EXITO
113,0.88,1.18,EXITO
115,1.66,1.27,EXITO
116,1.92,1.12,EXITO
116,1.42,1.26,EXITO
117,1.00,1.27,EXITO
118,1.98,1.13,EXITO
119,1.21,1.11,EXITO
119,3.92,0.99,EXITO
119,1.18,1.29,EXITO
116,9.24,0.79,EXITO
117,0.83,1.08,EXITO
121,13.54,0.97,EXITO
119,1.22,1.15,EXITO
123,2.36,1.22,EXITO
119,0.58,1.00,EXITO
122,0.96,1.11,EXITO
119,3.14,1.17,EXITO
121,1.36,1.00,EXITO
123,1.22,0.99,EXITO
121,1.78,1.12,EXITO
124,0.78,1.01,EXITO
126,0.94,1.09,EXITO
125,1.68,1.11,EXITO
122,0.72,1.04,EXITO
125,1.68,1.01,EXITO
126,0.48,1.00,EXITO
27,0.40,1.04,EXITO
123,1.76,1.03,EXITO
123,1.26,1.26,EXITO
124,6.25,1.02,EXITO
126,1.80,1.16,EXITO
127,3.18,0.98,EXITO
121,0.98,1.23,EXITO
123,0.56,1.05,EXITO
128,1.60,1.05,EXITO
125,1.78,1.16,EXITO
123,3.90,0.94,EXITO
127,1.28,1.25,EXITO
130,1.10,1.03,EXITO
132,1.44,1.08,EXITO
127,8.52,0.86,EXITO
125,0.18,1.01,EXITO
129,0.58,1.01,EXITO
135,0.38,1.01,EXITO
130,5.72,0.88,EXITO
133,1.18,1.05,EXITO
137,2.04,1.09,EXITO
135,2.08,0.98,EXITO
132,2.90,1.16,EXITO
133,1.73,1.06,EXITO
131,1.58,0.99,EXITO
135,1.26,1.09,EXITO
138,1.26,1.17,EXITO
132,1.44,1.04,EXITO
134,1.70,1.21,EXITO
141,0.44,1.01,EXITO
137,1.54,1.01,EXITO
145,0.94,1.21,EXITO
142,1.42,1.23,EXITO
140,9.26,0.90,EXITO
138,1.22,1.21,EXITO
139,4.79,1.03,EXITO
138,17.90,0.79,EXITO
142,1.76,1.11,EXITO
143,1.36,1.00,EXITO
140,4.32,1.14,EXITO
146,1.28,1.20,EXITO
140,2.04,1.20,EXITO
143,10.40,1.00,EXITO
145,12.44,0.88,EXITO
143,0.94,1.09,EXITO
144,1.46,1.16,EXITO
147,3.42,0.99,EXITO
151,7.98,0.94,EXITO
146,0.62,1.08,EXITO
152,3.26,1.16,EXITO
145,1.20,1.12,EXITO
32,1.94,1.02,EXITO
154,3.64,1.17,EXITO
150,2.04,1.01,EXITO
150,1.12,1.10,EXITO
147,2.46,1.21,EXITO
151,3.34,0.94,EXITO
148,3.39,0.95,EXITO
149,2.06,1.14,EXITO
152,1.00,1.05,EXITO
153,2.16,0.99,EXITO
152,0.30,1.02,EXITO
151,1.84,1.14,EXITO
155,1.54,1.06,EXITO
156,1.95,1.18,EXITO
154,1.80,1.00,EXITO
148,5.14,1.10,EXITO
156,0.92,1.24,EXITO
156,4.68,0.91,EXITO
156,1.92,0.99,EXITO
152,1.42,1.27,EXITO
158,2.90,1.05,EXITO
153,1.52,0.97,EXITO
159,7.98,0.89,EXITO
156,0.56,1.02,EXITO
158,2.44,1.13,EXITO
159,3.23,0.94,EXITO
162,1.94,1.08,EXITO
162,1.40,0.98,EXITO
159,4.76,0.97,EXITO
165,2.30,1.12,EXITO
158,0.90,1.26,EXITO
164,2.54,1.07,EXITO
161,0.74,1.13,EXITO
166,1.22,1.02,EXITO
169,2.96,0.96,EXITO
164,4.16,1.18,EXITO
165,4.88,0.99,EXITO
171,2.30,1.23,EXITO
166,1.74,1.13,EXITO
164,2.02,1.01,EXITO
165,0.67,1.20,EXITO
174,1.32,1.05,EXITO
165,3.46,1.07,EXITO
167,3.64,1.06,EXITO
168,2.19,1.11,EXITO
166,4.20,0.98,EXITO
171,1.56,0.97,EXITO
37,1.44,1.17,EXITO
166,0.48,1.02,EXITO
168,0.82,1.05,EXITO
171,2.08,1.03,EXITO
167,2.66,0.99,EXITO
175,4.86,1.05,EXITO
170,2.42,1.08,EXITO
170,0.94,1.00,EXITO
173,1.38,1.26,EXITO
178,6.90,0.91,EXITO
170,2.38,1.05,EXITO
176,3.20,0.97,EXITO
178,1.10,1.23,EXITO
175,0.76,1.03,EXITO
173,1.06,1.00,EXITO
181,4.20,1.13,EXITO
177,0.86,1.08,EXITO
178,0.87,1.00,EXITO
179,13.38,0.75,EXITO
178,3.86,1.02,EXITO
186,1.96,1.24,EXITO
176,1.24,1.26,EXITO
177,1.63,0.98,EXITO
180,0.84,1.30,EXITO
181,0.76,1.05,EXITO
181,0.96,1.05,EXITO
182,0.85,0.99,EXITO
183,4.96,0.97,EXITO
184,1.08,1.27,EXITO
181,5.46,0.94,EXITO
178,1.28,1.13,EXITO
184,0.82,1.04,EXITO
185,0.74,1.01,EXITO
185,1.40,1.15,EXITO
186,1.01,1.14,EXITO
185,5.08,0.90,EXITO
187,2.98,0.96,EXITO
186,3.36,1.08,EXITO
185,3.86,1.06,EXITO
41,4.26,0.98,EXITO
190,0.94,0.99,EXITO
191,1.28,1.04,EXITO
190,0.42,1.03,EXITO
190,3.00,1.16,EXITO
190,1.60,1.13,EXITO
192,0.90,1.24,EXITO
187,6.46,0.89,EXITO
189,1.04,1.22,EXITO
197,0.50,1.06,EXITO
193,2.80,1.07,EXITO
194,0.80,1.22,EXITO
189,0.70,1.05,EXITO
191,1.34,1.10,EXITO
193,0.68,1.03,EXITO
199,0.60,1.08,EXITO
194,1.62,1.06,EXITO
194,0.74,1.19,EXITO
196,0.84,1.01,EXITO
197,2.80,1.08,EXITO
198,0.57,1.11,EXITO
193,1.08,1.05,EXITO
193,0.70,1.19,EXITO
198,0.88,1.07,EXITO
201,0.94,1.28,EXITO
199,1.12,1.24,EXITO
198,1.50,1.18,EXITO
193,3.20,1.21,EXITO
194,0.48,1.05,EXITO
199,0.96,1.16,EXITO
204,0.80,1.22,EXITO
202,1.96,1.06,EXITO
202,0.70,1.22,EXITO
207,1.26,1.11,EXITO
202,0.80,1.22,EXITO
204,2.78,1.19,EXITO
206,0.42,1.04,EXITO
207,1.47,1.13,EXITO
196,0.84,1.23,EXITO
202,0.84,1.11,EXITO
200,0.64,1.05,EXITO
206,2.38,1.16,EXITO
206,3.48,0.92,EXITO
207,0.73,1.04,EXITO
212,1.44,1.20,EXITO
208,0.42,1.02,EXITO
209,2.40,1.20,EXITO
207,0.90,1.13,EXITO
211,2.26,1.10,EXITO
205,1.08,1.29,EXITO
206,4.87,1.20,EXITO
214,1.18,1.00,EXITO
46,0.70,1.13,EXITO
213,1.60,1.03,EXITO
214,0.49,1.03,EXITO
213,7.98,1.04,EXITO
210,1.04,1.00,EXITO
215,0.64,1.11,EXITO
213,1.58,1.16,EXITO
206,2.12,1.04,EXITO
213,0.88,1.09,EXITO
212,0.74,1.24,EXITO
219,1.00,1.20,EXITO
215,0.50,1.02,EXITO
219,1.94,1.16,EXITO
215,0.98,0.98,EXITO
214,3.60,0.97,EXITO
223,3.10,1.03,EXITO
224,0.70,1.13,EXITO
223,0.86,1.23,EXITO
221,2.32,1.07,EXITO
214,2.18,1.05,EXITO
215,1.67,1.00,EXITO
218,0.86,1.02,EXITO
216,3.52,1.03,EXITO
221,1.88,0.97,EXITO
220,0.44,1.02,EXITO
219,0.64,1.15,EXITO
222,8.62,0.94,EXITO
225,1.88,0.99,EXITO
220,2.32,1.13,EXITO
221,1.48,1.00,EXITO
225,1.50,0.99,EXITO
225,2.02,0.98,EXITO
224,0.98,1.06,EXITO
225,0.63,1.17,EXITO
222,1.52,1.11,EXITO
229,1.12,1.05,EXITO
228,1.82,1.22,EXITO
226,1.18,1.30,EXITO
232,1.02,1.00,EXITO
233,4.82,0.90,EXITO
231,0.60,1.13,EXITO
237,6.60,0.88,EXITO
234,1.92,1.04,EXITO
229,1.36,1.11,EXITO
235,6.58,0.89,EXITO
51,0.58,1.11,EXITO
52,0.90,1.22,EXITO
224,1.66,1.10,EXITO
232,1.00,1.18,EXITO
233,0.84,1.06,EXITO
232,1.30,1.08,EXITO
236,1.10,1.01,EXITO
239,0.88,1.01,EXITO
240,0.83,1.03,EXITO
240,0.70,1.16,EXITO
241,1.89,1.23,EXITO
235,0.94,1.10,EXITO
236,0.43,1.07,EXITO
238,0.48,1.06,EXITO
231,0.54,1.00,EXITO
236,0.98,1.21,EXITO
238,3.64,0.95,EXITO
239,0.58,1.11,EXITO
238,0.90,1.04,EXITO
231,1.10,1.22,EXITO
246,2.30,1.00,EXITO
241,0.96,1.29,EXITO
236,2.42,1.08,EXITO
242,1.16,1.21,EXITO
244,1.02,1.23,EXITO
238,0.54,1.02,EXITO
247,1.28,1.08,EXITO
248,0.86,1.27,EXITO
249,0.63,1.00,EXITO
244,1.16,1.02,EXITO
246,3.18,1.03,EXITO
245,1.22,1.12,EXITO
247,0.80,1.20,EXITO
246,1.46,0.97,EXITO
247,3.56,1.00,EXITO
247,0.90,1.24,EXITO
244,1.32,1.22,EXITO
245,1.07,1.19,EXITO
246,2.96,1.06,EXITO
249,4.46,1.10,EXITO
248,0.90,1.04,EXITO
249,0.82,1.08,EXITO
248,0.94,1.28,EXITO
248,0.88,1.25,EXITO
251,9.38,1.00,EXITO
250,4.34,0.91,EXITO
251,0.52,1.07,EXITO
254,2.24,1.05,EXITO
252,2.10,1.00,EXITO
247,0.86,1.27,EXITO
255,1.28,1.04,EXITO
255,1.06,1.00,EXITO
256,4.52,1.05,EXITO
256,9.18,0.79,EXITO
256,0.26,1.01,EXITO
251,1.12,1.07,EXITO
258,1.54,1.07,EXITO
252,4.02,0.93,EXITO
259,0.78,1.10,EXITO
255,0.88,1.14,EXITO
261,0.94,1.29,EXITO
264,0.54,1.06,EXITO
263,3.34,0.99,EXITO
264,0.72,1.19,EXITO
260,1.22,1.03,EXITO
267,0.66,1.04,EXITO
268,5.28,0.91,EXITO
266,2.84,1.08,EXITO
268,1.08,1.27,EXITO
268,0.76,1.18,EXITO
264,0.78,1.20,EXITO
271,1.64,1.02,EXITO
272,1.45,1.04,EXITO
272,0.74,1.08,EXITO
272,0.74,1.22,EXITO
257,0.72,1.21,EXITO
258,0.76,1.02,EXITO
271,4.06,0.94,EXITO
271,4.04,0.97,EXITO
265,1.96,0.99,EXITO
268,0.66,1.16,EXITO
269,0.73,1.13,EXITO
272,0.68,1.13,EXITO
273,0.44,1.03,EXITO
275,0.48,1.04,EXITO
263,0.46,1.05,EXITO
271,2.08,1.25,EXITO
272,2.76,1.02,EXITO
273,0.60,1.18,EXITO
278,0.46,1.02,EXITO
276,0.56,1.10,EXITO
279,0.58,1.14,EXITO
277,0.74,1.28,EXITO
279,0.72,1.18,EXITO
281,1.68,1.04,EXITO
283,1.44,1.12,EXITO
283,0.94,0.99,EXITO
273,4.04,0.95,EXITO
274,0.74,1.30,EXITO
282,2.06,0.99,EXITO
283,18.66,0.57,EXITO
286,0.74,1.22,EXITO
279,0.74,1.25,EXITO
287,1.72,1.03,EXITO
288,0.72,1.02,EXITO
282,11.74,0.85,EXITO
289,1.54,0.99,EXITO
283,0.78,1.05,EXITO
280,0.66,1.14,EXITO
281,0.70,1.16,EXITO
286,0.76,1.16,EXITO
279,0.90,1.04,EXITO
282,1.90,1.06,EXITO
62,0.88,1.13,EXITO
285,0.72,1.22,EXITO
287,0.98,1.09,EXITO
284,10.20,0.84,EXITO
289,15.56,0.88,EXITO
277,0.88,1.23,EXITO
291,0.76,1.31,EXITO
292,0.94,1.15,EXITO
293,0.29,1.03,EXITO
64,0.72,1.16,EXITO
291,6.72,1.05,EXITO
292,0.71,1.26,EXITO
286,0.68,1.03,EXITO
290,0.72,1.23,EXITO
291,1.60,0.99,EXITO
290,0.62,1.18,EXITO
291,1.98,1.19,EXITO
292,0.76,1.28,EXITO
293,0.46,1.01,EXITO
292,0.98,1.25,EXITO
293,0.51,1.15,EXITO
297,0.48,1.00,EXITO
293,11.67,0.80,EXITO
298,0.40,1.10,EXITO
295,0.56,1.06,EXITO
295,0.70,1.30,EXITO
295,4.38,0.96,EXITO
299,1.20,1.11,EXITO
298,0.98,1.28,EXITO
299,1.24,1.17,EXITO
302,0.92,1.11,EXITO
303,0.76,1.22,EXITO
304,0.53,1.03,EXITO
288,0.62,1.09,EXITO
66,75.04,-0.71,EXITO
304,0.72,1.26,EXITO
306,0.68,1.09,EXITO
299,19.60,0.57,EXITO
300,0.74,1.17,EXITO
306,0.82,1.20,EXITO
300,0.62,1.21,EXITO
304,3.44,1.04,EXITO
306,0.72,1.28,EXITO
302,1.90,0.99,EXITO
301,0.72,1.17,EXITO
302,0.68,1.12,EXITO
305,0.34,1.03,EXITO
302,0.68,1.19,EXITO
307,0.94,1.04,EXITO
303,0.58,1.15,EXITO
309,0.70,1.09,EXITO
304,0.78,1.09,EXITO
293,0.44,1.02,EXITO
305,1.58,1.17,EXITO
311,1.02,1.24,EXITO
312,0.82,1.30,EXITO
306,0.80,1.19,EXITO
312,1.80,1.08,EXITO
307,0.92,1.02,EXITO
310,0.36,1.01,EXITO
314,0.54,1.18,EXITO
312,0.42,1.05,EXITO
308,2.86,1.01,EXITO
312,2.00,1.21,EXITO
316,0.60,1.04,EXITO
307,0.72,0.99,EXITO
314,0.68,1.18,EXITO
312,1.30,0.99,EXITO
312,2.82,0.96,EXITO
310,3.18,1.05,EXITO
314,0.66,1.17,EXITO
319,0.62,1.08,EXITO
320,0.82,1.18,EXITO
313,1.60,1.24,EXITO
321,0.50,1.02,EXITO
322,0.52,1.06,EXITO
315,0.36,1.04,EXITO
317,0.88,1.05,EXITO
70,1.22,1.00,EXITO
318,2.06,1.15,EXITO
317,0.58,1.15,EXITO
318,0.84,1.11,EXITO
319,0.96,1.08,EXITO
322,4.54,0.95,EXITO
321,2.20,1.09,EXITO
321,0.54,1.08,EXITO
326,0.58,1.12,EXITO
323,0.52,1.07,EXITO
328,4.16,1.13,EXITO
325,15.18,0.88,EXITO
324,0.74,1.28,EXITO
313,9.18,0.85,EXITO
325,0.18,1.01,EXITO
333,6.12,0.90,EXITO
335,0.68,1.27,EXITO
334,1.36,1.01,EXITO
335,1.32,1.09,EXITO
329,1.84,1.13,EXITO
333,4.52,0.91,EXITO
330,1.22,1.03,EXITO
331,0.56,1.13,EXITO
332,0.48,1.04,EXITO
333,0.90,1.10,EXITO
340,4.12,0.96,EXITO
341,1.52,1.13,EXITO
320,1.46,1.04,EXITO
334,0.80,1.03,EXITO
333,0.72,1.26,EXITO
332,4.80,0.90,EXITO
334,2.72,0.98,EXITO
335,0.40,1.01,EXITO
338,0.84,1.12,EXITO
341,1.26,1.01,EXITO
336,0.56,1.05,EXITO
335,0.68,1.16,EXITO
343,1.16,1.08,EXITO
334,0.74,1.15,EXITO
336,0.86,1.20,EXITO
337,0.35,1.03,EXITO
341,1.82,1.02,EXITO
329,0.92,1.02,EXITO
340,0.66,1.18,EXITO
349,0.64,1.04,EXITO
350,1.22,1.22,EXITO
331,1.04,1.15,EXITO
344,1.12,1.25,EXITO
344,0.56,1.07,EXITO
333,1.18,0.99,EXITO
345,2.58,1.13,EXITO
347,0.84,1.26,EXITO
344,0.72,1.10,EXITO
335,0.58,1.10,EXITO
353,4.28,0.93,EXITO
348,1.98,1.22,EXITO
350,0.70,1.10,EXITO
347,0.56,1.11,EXITO
348,0.71,1.27,EXITO
350,1.30,1.06,EXITO
349,0.72,1.27,EXITO
352,0.76,1.22,EXITO
350,2.42,0.96,EXITO
348,0.44,1.09,EXITO
340,0.70,1.07,EXITO
77,0.60,1.17,EXITO
358,0.62,1.13,EXITO
351,0.66,1.20,EXITO
352,0.54,1.13,EXITO
343,0.58,1.13,EXITO
353,0.68,1.20,EXITO
350,0.86,1.14,EXITO
357,0.70,1.17,EXITO
355,1.64,0.99,EXITO
357,0.66,1.15,EXITO
363,3.88,1.08,EXITO
364,3.09,1.10,EXITO
358,8.54,1.00,EXITO
363,0.14,1.00,EXITO
359,1.88,0.99,EXITO
354,2.18,1.00,EXITO
357,4.90,0.90,EXITO
358,0.69,1.17,EXITO
358,0.56,1.00,EXITO
361,0.74,1.12,EXITO
367,1.60,1.06,EXITO
360,0.66,1.22,EXITO
363,7.18,0.94,EXITO
357,2.68,1.00,EXITO
357,0.82,1.25,EXITO
366,0.54,1.10,EXITO
362,0.62,1.06,EXITO
362,3.48,1.01,EXITO
80,0.48,1.09,EXITO
365,0.38,1.00,EXITO
363,1.10,0.99,EXITO
364,0.97,1.16,EXITO
365,0.92,1.10,EXITO
366,0.42,1.08,EXITO
367,0.76,1.25,EXITO
365,1.10,1.07,EXITO
364,0.84,1.30,EXITO
364,3.92,1.12,EXITO
354,2.20,1.04,EXITO
372,0.60,1.02,EXITO
357,2.30,0.99,EXITO
358,0.62,1.14,EXITO
368,0.62,1.10,EXITO
368,4.20,1.01,EXITO
374,12.26,1.02,EXITO
368,0.66,1.13,EXITO
369,2.54,1.13,EXITO
371,1.12,1.03,EXITO
372,1.18,1.04,EXITO
374,0.46,1.03,EXITO
367,1.00,1.16,EXITO
372,0.70,1.28,EXITO
368,0.57,1.14,EXITO
375,0.64,1.06,EXITO
372,0.68,1.24,EXITO
369,0.64,1.13,EXITO
371,0.22,1.02,EXITO
377,0.82,1.19,EXITO
374,2.12,1.08,EXITO
375,0.31,1.06,EXITO
376,0.88,1.26,EXITO
365,0.44,1.03,EXITO
377,0.76,1.10,EXITO
371,2.06,1.10,EXITO
373,0.54,1.08,EXITO
383,1.70,1.01,EXITO
379,0.68,1.05,EXITO
374,17.53,0.61,EXITO
381,0.64,1.16,EXITO
382,0.62,1.12,EXITO
381,0.72,1.11,EXITO
376,0.62,1.13,EXITO
378,0.82,1.04,EXITO
380,0.62,1.04,EXITO
375,0.56,1.11,EXITO
385,0.78,1.21,EXITO
386,4.66,0.94,EXITO
387,0.62,1.05,EXITO
382,0.66,1.21,EXITO
389,0.72,1.20,EXITO
385,0.38,1.03,EXITO
380,0.42,1.08,EXITO
380,0.72,1.29,EXITO
384,0.68,1.13,EXITO
385,0.78,1.20,EXITO
390,0.58,1.17,EXITO
387,0.72,1.29,EXITO
381,0.68,1.26,EXITO
389,0.70,1.24,EXITO
383,2.12,1.05,EXITO
385,0.82,1.03,EXITO
383,0.56,1.12,EXITO
391,0.88,1.26,EXITO
388,0.62,1.16,EXITO
392,0.38,1.05,EXITO
392,2.60,1.11,EXITO
394,0.72,1.23,EXITO
389,0.90,1.01,EXITO
391,0.46,1.02,EXITO
389,0.64,1.15,EXITO
396,0.84,1.31,EXITO
390,9.00,0.84,EXITO
395,0.64,1.17,EXITO
394,0.64,1.04,EXITO
392,0.60,1.07,EXITO
393,0.64,1.08,EXITO
396,0.74,1.02,EXITO
394,0.64,1.19,EXITO
395,0.35,1.03,EXITO
401,0.64,1.27,EXITO
402,0.74,1.31,EXITO
401,0.68,1.21,EXITO
402,0.86,1.01,EXITO
404,0.64,1.19,EXITO
402,1.44,1.03,EXITO
398,1.02,1.01,EXITO
407,0.64,1.16,EXITO
402,0.74,1.20,EXITO
404,0.72,1.19,EXITO
403,0.66,1.18,EXITO
390,0.58,1.10,EXITO
406,0.82,1.22,EXITO
407,0.76,1.29,EXITO
407,0.58,1.01,EXITO
400,15.86,0.67,EXITO
402,0.66,0.99,EXITO
407,0.56,1.02,EXITO
405,0.84,1.26,EXITO
411,0.64,1.17,EXITO
411,0.44,0.99,EXITO
409,0.74,1.02,EXITO
409,0.44,1.06,EXITO
413,0.62,1.21,EXITO
410,13.68,0.76,EXITO
415,0.60,1.13,EXITO
406,0.70,1.25,EXITO
414,0.68,1.26,EXITO
411,0.72,1.22,EXITO
411,0.68,1.21,EXITO
411,0.64,1.25,EXITO
413,5.90,0.98,EXITO
416,0.44,1.07,EXITO
412,2.12,1.08,EXITO
416,0.40,1.02,EXITO
418,1.52,1.05,EXITO
416,2.62,1.10,EXITO
417,4.12,1.17,EXITO
418,0.96,1.28,EXITO
415,2.80,1.03,EXITO
416,0.68,1.08,EXITO
423,0.78,1.15,EXITO
91,0.80,1.27,EXITO
426,0.58,1.19,EXITO
426,0.34,1.00,EXITO
427,0.52,1.09,EXITO
424,0.52,1.09,EXITO
425,1.44,1.00,EXITO
426,0.68,1.17,EXITO
419,0.86,1.22,EXITO
422,1.84,1.05,EXITO
427,0.74,1.30,EXITO
425,0.78,1.12,EXITO
421,16.56,0.71,EXITO
422,0.72,1.23,EXITO
424,2.20,0.96,EXITO
425,12.90,0.69,EXITO
433,2.90,0.98,EXITO
434,0.72,1.14,EXITO
428,1.40,1.08,EXITO
427,0.98,1.12,EXITO
430,3.38,1.15,EXITO
431,0.54,1.10,EXITO
432,1.08,1.15,EXITO
429,3.80,0.93,EXITO
430,0.88,1.08,EXITO
431,0.70,1.28,EXITO
436,0.82,1.26,EXITO
434,0.54,1.03,EXITO
438,2.64,1.14,EXITO
435,0.72,1.19,EXITO
436,2.78,0.99,EXITO
428,0.60,1.17,EXITO
434,0.70,1.15,EXITO
417,4.84,0.93,EXITO
432,17.74,0.61,EXITO
439,4.16,0.99,EXITO
437,0.58,1.09,EXITO
439,0.80,1.30,EXITO
440,9.09,0.99,EXITO
433,0.80,1.17,EXITO
434,1.56,1.06,EXITO
421,3.18,1.04,EXITO
434,2.02,1.04,EXITO
440,2.60,1.09,EXITO
436,2.38,0.98,EXITO
435,3.48,1.01,EXITO
438,0.74,1.19,EXITO
423,1.96,1.01,EXITO
445,0.94,1.19,EXITO
437,1.40,1.17,EXITO
444,0.62,1.09,EXITO
445,1.61,1.09,EXITO
442,0.34,1.04,EXITO
442,0.86,1.20,EXITO
445,0.54,1.14,EXITO
437,0.76,1.22,EXITO
444,1.80,1.00,EXITO
447,0.62,1.22,EXITO
451,0.96,1.14,EXITO
448,3.18,1.14,EXITO
450,0.74,1.27,EXITO
451,2.10,1.00,EXITO
448,0.44,1.10,EXITO
434,0.74,1.27,EXITO
455,2.44,1.04,EXITO
448,0.60,1.15,EXITO
454,0.74,1.10,EXITO
452,2.10,1.08,EXITO
448,2.44,0.99,EXITO
451,0.72,1.27,EXITO
455,0.64,1.20,EXITO
456,0.52,1.11,EXITO
457,0.46,1.04,EXITO
453,0.76,1.11,EXITO
455,0.62,1.05,EXITO
451,3.54,1.18,EXITO
448,1.90,1.16,EXITO
455,0.70,1.24,EXITO
450,0.50,1.00,EXITO
452,0.72,1.27,EXITO
461,0.84,1.25,EXITO
460,0.78,1.30,EXITO
454,1.86,1.24,EXITO
455,0.61,1.08,EXITO
457,0.82,1.12,EXITO
455,2.46,0.96,EXITO
456,0.78,1.19,EXITO
464,0.70,1.22,EXITO
464,0.60,1.20,EXITO
464,0.78,1.27,EXITO
461,0.70,1.21,EXITO
460,0.74,1.05,EXITO
466,0.56,1.18,EXITO
461,2.25,1.14,EXITO
467,0.62,1.22,EXITO
468,0.75,1.30,EXITO
463,0.68,1.24,EXITO
461,0.92,1.06,EXITO
468,0.62,1.07,EXITO
467,1.44,1.00,EXITO
466,1.50,1.07,EXITO
466,0.60,1.20,EXITO
467,1.13,1.00,EXITO
470,6.90,0.99,EXITO
468,0.76,1.24,EXITO
451,1.44,1.07,EXITO
471,0.44,1.02,EXITO
472,10.46,0.83,EXITO
475,1.04,1.14,EXITO
474,3.52,1.11,EXITO
477,0.78,1.27,EXITO
468,0.60,1.17,EXITO
466,0.52,1.03,EXITO
467,0.70,1.25,EXITO
477,4.08,1.05,EXITO
475,1.38,1.15,EXITO
478,0.20,1.00,EXITO
479,2.28,1.12,EXITO
470,1.56,1.05,EXITO
478,0.48,1.08,EXITO
479,0.78,1.27,EXITO
481,16.42,0.71,EXITO
478,6.08,1.01,EXITO
480,0.84,1.18,EXITO
481,0.63,1.17,EXITO
475,12.86,0.87,EXITO
481,0.58,1.07,EXITO
102,2.32,1.05,EXITO
482,0.68,1.21,EXITO
486,0.80,1.27,EXITO
485,0.96,0.99,EXITO
478,0.54,1.12,EXITO
479,0.76,1.03,EXITO
480,0.73,1.22,EXITO
488,0.68,1.09,EXITO
489,0.64,1.07,EXITO
475,0.74,1.20,EXITO
482,3.08,1.20,EXITO
487,2.24,0.98,EXITO
488,0.52,1.15,EXITO
489,2.25,0.99,EXITO
486,1.08,1.04,EXITO
491,2.52,1.14,EXITO
479,0.70,1.23,EXITO
492,0.68,1.06,EXITO
494,0.88,1.02,EXITO
488,15.84,0.80,EXITO
489,0.86,1.24,EXITO
487,0.64,1.08,EXITO
496,2.46,1.06,EXITO
471,0.60,1.23,EXITO
495,0.36,1.00,EXITO
491,0.74,1.18,EXITO
495,0.44,1.07,EXITO
496,1.20,0.98,EXITO
497,0.70,1.17,EXITO
500,0.78,1.28,EXITO
485,0.80,1.24,EXITO
492,0.64,1.20,EXITO
488,0.70,1.19,EXITO
490,0.72,1.26,EXITO
500,0.26,1.01,EXITO
489,1.04,1.16,EXITO
492,1.42,0.99,EXITO
493,0.82,1.02,EXITO
496,0.50,1.09,EXITO
478,3.48,0.93,EXITO
500,0.56,1.07,EXITO
503,0.56,1.12,EXITO
504,0.60,1.13,EXITO
504,0.84,1.12,EXITO
500,0.64,1.03,EXITO
494,1.14,1.02,EXITO
505,0.76,1.27,EXITO
483,0.52,1.06,EXITO
508,1.94,0.96,EXITO
503,0.90,1.16,EXITO
499,8.30,1.01,EXITO
485,0.40,1.04,EXITO
503,0.68,1.23,EXITO
509,0.62,1.07,EXITO
503,1.02,1.03,EXITO
504,0.52,1.15,EXITO
506,3.38,1.00,EXITO
499,1.00,1.04,EXITO
510,0.72,1.18,EXITO
497,0.80,1.11,EXITO
507,0.58,1.16,EXITO
507,3.20,1.13,EXITO
509,2.30,0.98,EXITO
510,0.50,1.05,EXITO
511,1.28,1.11,EXITO
508,2.58,1.00,EXITO
509,0.58,1.15,EXITO
510,0.76,1.08,EXITO
516,0.70,1.27,EXITO
517,0.40,1.03,EXITO
514,0.58,1.14,EXITO
503,0.56,1.08,EXITO
519,0.80,1.22,EXITO
520,0.98,1.02,EXITO
517,2.50,1.03,EXITO
515,2.20,0.98,EXITO
514,1.90,0.98,EXITO
511,0.64,1.11,EXITO
517,5.12,1.06,EXITO
519,0.86,1.04,EXITO
499,0.76,1.20,EXITO
519,0.68,1.19,EXITO
512,0.72,1.08,EXITO
522,2.30,1.01,EXITO
511,0.66,1.21,EXITO
519,6.18,0.97,EXITO
513,0.64,1.10,EXITO
516,1.08,1.09,EXITO
527,0.50,1.05,EXITO
513,0.46,1.01,EXITO
528,0.52,1.03,EXITO
534,0.88,1.06,EXITO
508,0.66,1.09,EXITO
523,0.56,1.15,EXITO
528,1.50,0.97,EXITO
536,0.88,1.22,EXITO
522,0.98,1.20,EXITO
533,0.56,1.04,EXITO
527,18.62,0.68,EXITO
527,0.84,1.23,EXITO
526,0.90,1.24,EXITO
532,0.58,1.11,EXITO
534,0.56,1.20,EXITO
525,0.68,1.16,EXITO
531,0.82,1.12,EXITO
536,0.56,1.10,EXITO
112,49.82,0.03,EXITO
527,0.62,1.21,EXITO
535,0.66,1.18,EXITO
540,0.84,1.09,EXITO
530,0.58,1.09,EXITO
540,0.68,1.29,EXITO
537,0.56,1.07,EXITO
542,0.62,1.15,EXITO
542,0.38,1.03,EXITO
539,5.16,1.15,EXITO
533,0.56,1.09,EXITO
534,0.62,1.23,EXITO
539,0.68,1.20,EXITO
540,1.52,1.07,EXITO
540,13.80,0.80,EXITO
541,0.32,1.04,EXITO
114,0.72,1.26,EXITO
537,3.06,1.16,EXITO
542,1.74,1.18,EXITO
543,0.48,1.03,EXITO
534,0.46,1.03,EXITO
539,0.70,1.14,EXITO
537,10.76,0.98,EXITO
537,0.62,1.11,EXITO
549,0.74,1.17,EXITO
536,0.76,1.23,EXITO
550,0.29,1.02,EXITO
546,0.80,1.21,EXITO
547,0.64,1.18,EXITO
548,0.84,1.28,EXITO
543,0.66,1.23,EXITO
116,11.66,0.76,EXITO
551,0.68,1.20,EXITO
548,0.60,1.21,EXITO
556,0.56,1.08,EXITO
552,0.52,1.13,EXITO
557,0.86,1.28,EXITO
547,6.56,1.10,EXITO
550,4.84,0.91,EXITO
559,0.60,1.06,EXITO
528,4.52,0.92,EXITO
545,0.40,1.06,EXITO
555,0.80,1.04,EXITO
551,0.74,1.22,EXITO
554,16.48,0.63,EXITO
533,0.76,1.21,EXITO
554,9.18,0.81,EXITO
559,0.52,1.05,EXITO
560,2.16,0.96,EXITO
558,0.86,1.18,EXITO
551,0.74,1.03,EXITO
542,0.62,1.14,EXITO
543,0.45,1.10,EXITO
559,0.62,1.18,EXITO
549,17.74,0.71,EXITO
549,4.00,0.93,EXITO
560,0.90,1.28,EXITO
556,0.90,1.03,EXITO
563,0.74,1.21,EXITO
564,2.04,0.99,EXITO
563,0.64,1.19,EXITO
567,0.46,1.07,EXITO
570,0.56,1.09,EXITO
564,1.68,1.03,EXITO
540,0.80,1.04,EXITO
565,0.42,1.05,EXITO
556,0.74,1.17,EXITO
555,3.38,1.05,EXITO
558,7.78,1.06,EXITO
563,0.58,1.03,EXITO
551,1.18,1.04,EXITO
568,0.56,1.18,EXITO
558,0.90,1.02,EXITO
561,0.46,1.06,EXITO
566,0.48,1.03,EXITO
562,0.87,1.10,EXITO
570,0.66,1.23,EXITO
545,1.54,1.00,EXITO
546,0.77,1.10,EXITO
566,0.82,1.25,EXITO
555,0.56,1.11,EXITO
572,0.84,1.08,EXITO
569,0.72,1.04,EXITO
579,2.02,1.06,EXITO
563,0.70,1.12,EXITO
568,0.70,1.22,EXITO
577,0.42,1.05,EXITO
576,0.62,1.23,EXITO
578,0.76,1.31,EXITO
567,0.54,1.18,EXITO
562,0.66,1.16,EXITO
574,0.80,1.01,EXITO
585,0.96,1.17,EXITO
573,8.76,0.82,EXITO
577,0.58,1.14,EXITO
557,2.90,1.10,EXITO
579,0.56,1.02,EXITO
575,0.46,1.09,EXITO
578,0.90,1.02,EXITO
580,0.70,1.18,EXITO
576,0.40,1.07,EXITO
577,0.42,1.06,EXITO
580,1.54,0.99,EXITO
583,0.64,1.02,EXITO
584,0.80,1.07,EXITO
573,0.52,1.02,EXITO
574,0.38,1.02,EXITO
578,3.04,0.95,EXITO
580,0.54,1.14,EXITO
562,0.64,1.07,EXITO
586,0.36,1.05,EXITO
574,0.54,1.15,EXITO
563,2.64,0.95,EXITO
585,0.46,1.08,EXITO
584,0.76,1.26,EXITO
590,0.68,1.24,EXITO
579,0.74,1.19,EXITO
566,0.70,1.02,EXITO
567,0.93,1.12,EXITO
590,0.48,1.15,EXITO
592,0.46,1.05,EXITO
595,1.34,0.98,EXITO
584,0.52,1.18,EXITO
587,0.74,1.04,EXITO
582,0.56,1.19,EXITO
575,0.84,1.26,EXITO
571,0.68,1.18,EXITO
587,0.68,1.11,EXITO
581,0.66,1.24,EXITO
578,0.28,1.04,EXITO
597,0.58,1.14,EXITO
574,0.68,1.27,EXITO
595,0.44,1.08,EXITO
591,0.68,1.14,EXITO
589,0.68,1.24,EXITO
593,0.68,1.20,EXITO
581,3.74,1.01,EXITO
582,0.47,1.06,EXITO
583,0.49,1.13,EXITO
594,0.82,1.27,EXITO
597,0.36,1.05,EXITO
595,0.54,1.03,EXITO
593,0.64,1.16,EXITO
601,0.44,1.12,EXITO
589,0.80,1.23,EXITO
590,0.78,1.05,EXITO
596,0.66,1.12,EXITO
598,0.58,1.08,EXITO
603,6.64,0.85,EXITO
604,0.66,1.06,EXITO
595,0.66,1.22,EXITO
611,0.76,1.26,EXITO
127,0.86,1.18,EXITO
593,0.70,1.03,EXITO
609,3.72,0.92,EXITO
610,0.66,1.28,EXITO
615,0.60,1.22,EXITO
589,0.62,1.06,EXITO
606,0.50,1.02,EXITO
607,0.52,1.06,EXITO
590,4.84,1.03,EXITO
599,0.44,1.02,EXITO
592,0.62,1.18,EXITO
609,1.90,1.00,EXITO
614,0.68,1.08,EXITO
609,0.66,1.21,EXITO
616,0.74,1.25,EXITO
602,0.70,1.21,EXITO
603,0.72,1.24,EXITO
604,0.46,1.06,EXITO
601,0.58,1.15,EXITO
603,0.72,1.14,EXITO
613,0.54,1.06,EXITO
614,0.56,1.20,EXITO
608,0.60,1.09,EXITO
621,0.82,1.16,EXITO
607,0.62,1.17,EXITO
612,0.70,1.22,EXITO
600,0.68,1.22,EXITO
611,0.38,1.08,EXITO
608,0.78,1.26,EXITO
609,0.59,1.24,EXITO
610,0.59,1.21,EXITO
620,2.38,1.14,EXITO
618,0.46,1.08,EXITO
623,0.52,1.04,EXITO
131,0.46,1.08,EXITO
621,0.74,1.29,EXITO
615,0.40,1.03,EXITO
624,0.52,1.11,EXITO
628,0.66,1.20,EXITO
629,0.68,1.25,EXITO
624,0.74,1.20,EXITO
630,0.64,1.23,EXITO
622,0.96,1.15,EXITO
620,0.72,1.14,EXITO
629,0.48,1.02,EXITO
628,5.02,1.05,EXITO
625,3.26,0.99,EXITO
626,0.58,1.20,EXITO
635,0.72,1.17,EXITO
625,11.36,0.74,EXITO
134,0.64,1.03,EXITO
633,5.56,1.09,EXITO
627,0.72,1.23,EXITO
632,0.58,1.11,EXITO
626,0.60,1.09,EXITO
627,0.73,1.28,EXITO
624,0.76,1.30,EXITO
628,0.58,1.06,EXITO
629,1.64,1.02,EXITO
626,0.62,1.23,EXITO
627,0.45,1.14,EXITO
641,0.54,1.14,EXITO
135,60.10,-0.41,EXITO
627,0.36,1.08,EXITO
619,0.50,1.07,EXITO
630,0.70,1.31,EXITO
640,3.50,1.14,EXITO
635,1.74,1.17,EXITO
639,2.14,1.15,EXITO
639,0.82,1.03,EXITO
640,1.16,1.01,EXITO
645,0.66,1.09,EXITO
639,9.86,0.87,EXITO
644,0.98,1.00,EXITO
649,0.66,1.25,EXITO
638,1.12,1.04,EXITO
648,0.84,1.23,EXITO
646,1.16,0.98,EXITO
648,0.98,1.02,EXITO
649,0.86,1.30,EXITO
645,0.46,1.05,EXITO
641,1.26,1.05,EXITO
648,8.04,0.94,EXITO
651,0.68,1.20,EXITO
652,0.70,1.11,EXITO
631,1.72,1.03,EXITO
632,1.42,0.98,EXITO
655,1.84,0.97,EXITO
652,4.72,1.13,EXITO
654,1.02,1.03,EXITO
645,0.56,1.03,EXITO
635,0.88,1.12,EXITO
647,1.28,1.16,EXITO
648,0.40,1.03,EXITO
655,1.36,1.01,EXITO
647,0.64,1.19,EXITO
656,1.44,1.03,EXITO
658,0.54,1.02,EXITO
658,0.64,1.19,EXITO
649,0.78,1.25,EXITO
652,0.54,1.15,EXITO
654,1.02,1.09,EXITO
653,0.56,1.16,EXITO
655,0.76,1.03,EXITO
656,0.68,1.11,EXITO
649,0.72,1.21,EXITO
650,0.34,1.03,EXITO
653,0.48,1.04,EXITO
660,0.40,1.09,EXITO
652,0.68,1.20,EXITO
640,14.96,0.83,EXITO
653,0.62,1.05,EXITO
641,0.38,1.04,EXITO
658,0.68,1.22,EXITO
662,0.52,1.05,EXITO
657,0.42,1.03,EXITO
652,0.84,1.23,EXITO
663,0.82,1.27,EXITO
664,0.64,1.19,EXITO
666,0.50,1.13,EXITO
660,0.64,1.19,EXITO
658,0.82,1.15,EXITO
661,1.18,1.04,EXITO
646,1.12,1.04,EXITO
662,0.70,1.30,EXITO
663,0.28,1.01,EXITO
653,0.70,1.25,EXITO
655,0.20,1.02,EXITO
656,0.54,1.04,EXITO
663,0.56,1.15,EXITO
659,0.72,1.29,EXITO
668,0.48,1.02,EXITO
662,0.54,1.08,EXITO
663,0.62,1.24,EXITO
664,0.50,1.03,EXITO
670,9.10,0.98,EXITO
666,0.72,1.22,EXITO
666,8.20,0.83,EXITO
673,2.64,1.03,EXITO
674,0.56,1.09,EXITO
664,0.66,1.14,EXITO
665,0.74,1.29,EXITO
668,0.68,1.03,EXITO
668,0.40,1.06,EXITO
673,0.64,1.14,EXITO
674,0.50,1.16,EXITO
675,0.19,1.01,EXITO
670,0.70,1.24,EXITO
671,0.56,1.16,EXITO
668,0.64,1.18,EXITO
665,0.68,1.30,EXITO
678,0.56,1.10,EXITO
679,0.64,1.16,EXITO
672,0.72,1.29,EXITO
672,0.96,1.00,EXITO
680,16.56,0.85,EXITO
657,0.54,1.14,EXITO
675,0.68,1.30,EXITO
676,0.64,1.18,EXITO
668,0.38,1.06,EXITO
679,0.76,1.27,EXITO
685,0.80,1.07,EXITO
677,0.68,1.30,EXITO
672,3.64,0.93,EXITO
682,0.56,1.08,EXITO
685,0.82,1.20,EXITO
679,0.62,1.25,EXITO
684,0.64,1.16,EXITO
688,0.30,1.05,EXITO
664,0.56,1.14,EXITO
681,0.66,1.09,EXITO
682,0.56,1.14,EXITO
681,1.38,1.11,EXITO
688,0.68,1.22,EXITO
690,1.10,1.06,EXITO
692,0.54,1.13,EXITO
690,0.60,1.18,EXITO
687,0.60,1.01,EXITO
696,0.68,1.27,EXITO
685,12.84,0.73,EXITO
689,0.70,1.27,EXITO
683,0.50,1.16,EXITO
691,0.56,1.18,EXITO
691,0.60,1.13,EXITO
691,0.94,1.02,EXITO
696,0.92,1.28,EXITO
692,0.72,1.29,EXITO
698,0.46,1.07,EXITO
694,1.42,0.99,EXITO
703,0.70,1.10,EXITO
695,0.84,1.27,EXITO
695,0.46,1.07,EXITO
686,0.72,1.13,EXITO
703,0.78,1.17,EXITO
695,0.60,1.04,EXITO
698,0.64,1.19,EXITO
682,0.38,1.06,EXITO
700,0.60,1.19,EXITO
691,1.96,1.05,EXITO
701,0.46,1.05,EXITO
693,0.64,1.15,EXITO
705,0.66,1.17,EXITO
706,0.70,1.14,EXITO
703,0.50,1.07,EXITO
685,0.50,1.08,EXITO
694,0.84,1.12,EXITO
703,0.42,1.06,EXITO
710,0.82,1.29,EXITO
709,0.64,1.07,EXITO
706,0.50,1.13,EXITO
707,0.74,1.16,EXITO
706,0.70,1.23,EXITO
707,0.42,1.04,EXITO
709,0.54,1.02,EXITO
715,11.06,0.89,EXITO
716,3.58,0.99,EXITO
710,0.72,1.24,EXITO
710,0.74,1.24,EXITO
715,0.66,1.14,EXITO
712,0.54,1.18,EXITO
710,0.74,1.27,EXITO
713,0.66,1.27,EXITO
719,0.48,1.14,EXITO
707,0.64,1.11,EXITO
722,16.66,0.80,EXITO
706,3.92,0.96,EXITO
716,0.68,1.19,EXITO
718,0.50,1.03,EXITO
709,0.62,1.19,EXITO
709,1.02,1.27,EXITO
710,0.76,1.31,EXITO
723,0.60,1.10,EXITO
725,4.80,0.92,EXITO
714,0.42,1.11,EXITO
709,5.06,1.04,EXITO
712,0.62,1.22,EXITO
724,0.56,1.10,EXITO
727,2.62,0.96,EXITO
728,0.56,1.19,EXITO
702,0.38,1.07,EXITO
703,0.45,1.12,EXITO
714,3.66,0.98,EXITO
726,3.22,0.99,EXITO
721,0.54,1.16,EXITO
727,0.51,1.16,EXITO
706,0.52,1.10,EXITO
717,0.48,1.04,EXITO
728,9.70,0.79,EXITO
714,0.74,1.23,EXITO
725,0.54,1.09,EXITO
723,1.20,1.24,EXITO
727,0.80,1.19,EXITO
732,0.66,1.06,EXITO
726,2.18,0.99,EXITO
721,0.66,1.26,EXITO
725,1.26,1.02,EXITO
152,0.66,1.22,EXITO
728,0.58,1.14,EXITO
733,0.40,1.06,EXITO
719,0.66,1.21,EXITO
735,0.68,1.13,EXITO
727,10.92,0.89,EXITO
712,3.02,0.97,EXITO
731,0.70,1.25,EXITO
732,0.56,1.16,EXITO
737,1.08,1.07,EXITO
729,0.62,1.03,EXITO
725,0.80,1.23,EXITO
720,0.60,1.15,EXITO
737,17.04,0.73,EXITO
732,0.70,1.26,EXITO
722,5.30,1.08,EXITO
724,0.38,1.02,EXITO
735,0.96,1.25,EXITO
727,0.34,1.04,EXITO
728,1.96,1.08,EXITO
733,0.68,1.29,EXITO
740,0.72,1.24,EXITO
742,0.70,1.23,EXITO
733,2.26,1.00,EXITO
742,0.58,1.22,EXITO
731,2.78,0.96,EXITO
735,0.60,1.19,EXITO
747,5.12,0.98,EXITO
741,0.52,1.09,EXITO
744,16.36,0.70,EXITO
738,0.54,1.12,EXITO
738,0.62,1.21,EXITO
748,0.62,1.13,EXITO
741,0.52,1.14,EXITO
748,0.46,1.14,EXITO
742,0.72,1.27,EXITO
742,0.54,1.02,EXITO
743,6.60,0.86,EXITO
748,0.62,1.17,EXITO
752,1.08,1.14,EXITO
750,0.54,1.18,EXITO
754,0.52,1.12,EXITO
745,0.48,1.12,EXITO
751,16.78,0.68,EXITO
740,0.64,1.16,EXITO
741,2.65,0.96,EXITO
749,0.48,1.05,EXITO
740,6.52,0.87,EXITO
741,0.56,1.14,EXITO
732,0.64,1.13,EXITO
751,0.74,1.23,EXITO
755,0.38,1.07,EXITO
750,5.64,0.95,EXITO
751,0.56,1.19,EXITO
736,0.54,1.08,EXITO
747,0.70,1.06,EXITO
761,0.68,1.27,EXITO
760,0.74,1.28,EXITO
762,1.58,0.98,EXITO
758,0.56,1.10,EXITO
759,3.60,0.96,EXITO
755,0.46,1.09,EXITO
762,0.38,1.02,EXITO
753,0.42,1.11,EXITO
757,0.62,1.15,EXITO
750,0.74,1.29,EXITO
764,0.46,1.06,EXITO
765,4.18,0.97,EXITO
754,0.60,1.24,EXITO
766,0.33,0.99,EXITO
767,0.54,1.14,EXITO
762,0.36,1.02,EXITO
756,5.80,0.91,EXITO
766,0.58,1.09,EXITO
767,6.25,1.04,EXITO
768,0.59,1.18,EXITO
758,0.72,1.21,EXITO
761,0.66,1.24,EXITO
771,0.60,1.16,EXITO
745,0.70,1.28,EXITO
764,0.56,1.07,EXITO
760,0.72,1.27,EXITO
766,0.72,1.19,EXITO
769,0.64,1.26,EXITO
749,0.34,1.02,EXITO
757,0.42,1.06,EXITO
763,0.74,1.28,EXITO
765,0.66,1.26,EXITO
771,0.70,1.26,EXITO
752,0.52,1.10,EXITO
767,0.68,1.30,EXITO
779,0.72,1.28,EXITO
754,5.04,0.92,EXITO
755,0.46,1.09,EXITO
766,0.60,1.12,EXITO
773,0.64,1.21,EXITO
767,0.52,1.11,EXITO
770,0.50,1.04,EXITO
775,0.52,1.11,EXITO
776,0.35,1.07,EXITO
769,4.86,1.09,EXITO
760,0.52,1.09,EXITO
766,0.56,1.08,EXITO
772,2.48,1.06,EXITO
773,0.38,1.06,EXITO
781,0.56,1.02,EXITO
783,0.72,1.31,EXITO
763,0.52,1.09,EXITO
782,0.62,1.06,EXITO
768,0.50,1.03,EXITO
769,0.62,1.08,EXITO
773,0.62,1.20,EXITO
785,0.54,1.06,EXITO
776,0.64,1.18,EXITO
788,0.74,1.28,EXITO
784,0.32,1.03,EXITO
770,0.40,1.02,EXITO
766,3.92,1.13,EXITO
767,0.28,1.00,EXITO
788,0.62,1.15,EXITO
782,0.72,1.29,EXITO
779,1.10,1.12,EXITO
778,0.66,1.25,EXITO
783,0.40,1.02,EXITO
784,0.43,1.08,EXITO
774,0.62,1.15,EXITO
163,0.82,1.20,EXITO
785,0.50,1.05,EXITO
789,0.78,1.27,EXITO
776,0.52,1.14,EXITO
789,0.76,1.11,EXITO
780,0.64,1.26,EXITO
791,0.68,1.25,EXITO
784,0.48,1.08,EXITO
785,2.80,1.02,EXITO
775,0.44,1.02,EXITO
787,0.50,1.07,EXITO
788,0.38,1.00,EXITO
794,0.42,1.04,EXITO
790,0.76,1.13,EXITO
791,0.30,1.04,EXITO
797,0.58,1.15,EXITO
787,0.70,1.19,EXITO
793,9.76,1.05,EXITO
799,6.34,0.96,EXITO
800,0.75,1.06,EXITO
801,0.56,1.19,EXITO
788,2.64,1.03,EXITO
790,0.74,1.26,EXITO
791,0.50,1.12,EXITO
800,0.58,1.15,EXITO
790,0.60,1.24,EXITO
781,0.56,1.12,EXITO
782,0.47,1.05,EXITO
791,0.58,1.18,EXITO
800,0.38,1.05,EXITO
803,0.54,1.16,EXITO
796,1.88,1.15,EXITO
787,0.78,1.09,EXITO
797,5.56,0.98,EXITO
793,0.74,1.15,EXITO
789,0.54,1.19,EXITO
787,0.74,1.26,EXITO
799,0.74,1.29,EXITO
795,0.72,1.05,EXITO
796,0.74,1.25,EXITO
797,1.75,1.07,EXITO
799,0.48,1.03,EXITO
801,0.66,1.20,EXITO
808,0.60,1.13,EXITO
791,0.68,1.23,EXITO
803,0.42,1.07,EXITO
795,0.24,1.02,EXITO
808,1.02,1.15,EXITO
809,0.31,1.04,EXITO
801,0.62,1.14,EXITO
793,0.44,1.06,EXITO
800,0.56,1.17,EXITO
802,0.72,1.20,EXITO
798,0.68,1.16,EXITO
799,0.58,1.10,EXITO
796,0.66,1.20,EXITO
797,0.87,1.03,EXITO
796,0.44,1.04,EXITO
806,0.76,1.27,EXITO
806,0.60,1.11,EXITO
815,0.62,1.21,EXITO
811,0.66,1.25,EXITO
816,0.28,1.03,EXITO
803,1.24,1.07,EXITO
809,0.38,1.05,EXITO
810,0.68,1.21,EXITO
806,0.42,1.04,EXITO
811,0.60,1.14,EXITO
816,0.28,1.01,EXITO
805,0.68,1.07,EXITO
809,0.70,1.27,EXITO
814,0.50,1.08,EXITO
802,14.12,0.73,EXITO
804,0.60,1.13,EXITO
807,11.66,0.92,EXITO
822,8.20,0.82,EXITO
823,0.99,1.17,EXITO
820,0.58,1.12,EXITO
805,0.66,1.22,EXITO
814,1.08,1.03,EXITO
822,0.52,1.13,EXITO
807,0.60,1.01,EXITO
801,0.42,1.02,EXITO
809,0.90,1.07,EXITO
810,0.42,1.08,EXITO
818,0.44,1.09,EXITO
812,0.68,1.22,EXITO
813,1.02,0.99,EXITO
825,0.56,1.12,EXITO
804,0.64,1.20,EXITO
828,0.56,1.15,EXITO
821,0.66,1.22,EXITO
818,0.42,1.05,EXITO
819,0.55,1.20,EXITO
829,0.32,1.01,EXITO
815,1.14,1.09,EXITO
831,0.74,1.28,EXITO
822,0.62,1.17,EXITO
822,0.62,1.18,EXITO
822,0.66,1.17,EXITO
834,0.80,1.03,EXITO
824,19.28,0.55,EXITO
824,0.94,1.03,EXITO
836,0.48,1.11,EXITO
820,0.54,1.14,EXITO
826,1.98,0.99,EXITO
827,0.49,1.12,EXITO
823,0.54,1.12,EXITO
824,0.75,1.29,EXITO
826,0.64,1.16,EXITO
814,0.74,1.29,EXITO
822,0.66,1.10,EXITO
830,0.42,1.05,EXITO
831,0.67,1.29,EXITO
840,8.30,0.97,EXITO
824,0.58,1.15,EXITO
829,0.58,1.18,EXITO
825,0.80,1.09,EXITO
839,1.14,1.11,EXITO
825,0.64,1.04,EXITO
826,1.16,1.10,EXITO
829,8.72,0.93,EXITO
830,0.63,1.27,EXITO
835,0.54,1.02,EXITO
834,0.58,1.18,EXITO
839,0.80,1.26,EXITO
173,0.82,1.01,EXITO
839,0.80,1.03,EXITO
840,1.26,1.13,EXITO
826,1.34,1.02,EXITO
841,0.54,1.15,EXITO
837,4.68,1.01,EXITO
831,0.48,1.04,EXITO
835,0.72,1.03,EXITO
836,1.16,1.00,EXITO
846,0.66,1.17,EXITO
838,0.98,1.17,EXITO
842,0.60,1.20,EXITO
840,0.50,1.14,EXITO
835,0.74,1.05,EXITO
851,0.64,1.05,EXITO
852,0.51,1.03,EXITO
837,10.04,0.82,EXITO
847,0.70,1.04,EXITO
842,0.44,1.06,EXITO
839,0.48,1.00,EXITO
850,0.60,1.17,EXITO
846,0.50,1.14,EXITO
841,1.30,1.01,EXITO
858,4.66,0.94,EXITO
836,6.72,0.93,EXITO
843,3.38,0.96,EXITO
837,0.36,1.04,EXITO
832,0.58,1.10,EXITO
842,1.76,1.00,EXITO
853,0.74,1.20,EXITO
847,0.60,1.18,EXITO
848,0.58,1.18,EXITO
834,0.68,1.19,EXITO
861,0.74,1.11,EXITO
862,0.56,1.11,EXITO
863,0.48,1.10,EXITO
847,0.72,1.04,EXITO
849,0.44,1.02,EXITO
839,0.70,1.18,EXITO
840,0.69,1.20,EXITO
854,15.18,0.68,EXITO
870,0.60,1.19,EXITO
871,0.54,1.06,EXITO
858,0.56,1.10,EXITO
858,6.48,0.95,EXITO
178,0.62,1.23,EXITO
179,0.63,1.27,EXITO
857,0.62,1.18,EXITO
865,0.86,1.09,EXITO
850,0.70,1.27,EXITO
860,0.68,1.28,EXITO
861,0.66,1.14,EXITO
858,3.92,0.98,EXITO
860,1.70,1.12,EXITO
863,4.38,1.14,EXITO
860,0.80,1.25,EXITO
869,0.96,1.08,EXITO
863,0.68,1.16,EXITO
864,0.42,1.07,EXITO
868,0.78,1.04,EXITO
863,0.70,1.31,EXITO
863,0.66,1.19,EXITO
866,0.76,1.24,EXITO
860,0.72,1.23,EXITO
868,3.10,0.94,EXITO
869,0.63,1.14,EXITO
874,0.64,1.10,EXITO
863,0.56,1.10,EXITO
876,15.14,0.65,EXITO
878,0.54,1.15,EXITO
872,0.76,1.23,EXITO
874,0.68,1.00,EXITO
866,0.54,1.15,EXITO
881,0.48,1.08,EXITO
888,0.80,1.25,EXITO
880,0.82,1.04,EXITO
875,0.96,1.01,EXITO
876,0.70,1.00,EXITO
873,0.52,1.06,EXITO
884,0.60,1.23,EXITO
878,0.62,1.07,EXITO
873,0.66,1.23,EXITO
866,0.74,1.12,EXITO
867,0.57,1.17,EXITO
877,0.98,0.98,EXITO
875,0.62,1.19,EXITO
880,0.68,1.05,EXITO
872,3.26,1.03,EXITO
873,0.50,1.07,EXITO
887,0.56,1.19,EXITO
877,0.62,1.04,EXITO
878,1.31,1.00,EXITO
877,3.06,0.97,EXITO
881,0.64,1.22,EXITO
870,5.30,0.91,EXITO
871,0.55,1.03,EXITO
883,0.58,1.14,EXITO
873,0.68,1.29,EXITO
895,0.50,1.10,EXITO
884,0.66,1.17,EXITO
880,0.56,1.11,EXITO
875,0.74,1.28,EXITO
886,0.70,1.15,EXITO
882,2.08,1.09,EXITO
888,0.58,1.18,EXITO
875,0.50,1.05,EXITO
868,0.76,1.19,EXITO
878,0.74,1.24,EXITO
888,0.70,1.25,EXITO
889,0.55,1.19,EXITO
881,0.46,1.06,EXITO
891,1.60,1.04,EXITO
889,0.76,1.03,EXITO
878,8.08,0.86,EXITO
886,0.70,1.13,EXITO
887,0.72,1.07,EXITO
888,0.51,1.05,EXITO
903,4.98,0.92,EXITO
889,0.68,1.14,EXITO
894,0.66,1.26,EXITO
874,0.32,1.04,EXITO
875,5.37,0.95,EXITO
884,1.82,1.03,EXITO
883,0.52,1.12,EXITO
891,0.68,1.24,EXITO
895,0.70,1.15,EXITO
896,0.75,1.11,EXITO
888,0.68,1.03,EXITO
893,0.96,1.01,EXITO
896,0.70,1.00,EXITO
893,1.86,1.12,EXITO
887,1.36,0.97,EXITO
901,0.50,1.10,EXITO
888,0.52,1.11,EXITO
895,0.46,1.04,EXITO
908,0.62,1.06,EXITO
887,3.36,0.95,EXITO
888,1.48,1.04,EXITO
904,0.54,1.19,EXITO
902,0.58,1.02,EXITO
906,0.66,1.17,EXITO
883,1.20,1.09,EXITO
903,0.56,1.05,EXITO
903,0.48,1.02,EXITO
901,0.62,1.18,EXITO
900,0.64,1.24,EXITO
886,4.04,0.92,EXITO
915,0.74,1.28,EXITO
902,0.64,1.25,EXITO
899,0.54,1.07,EXITO
908,5.02,0.88,EXITO
897,0.58,1.18,EXITO
919,0.80,1.01,EXITO
904,0.82,0.99,EXITO
911,0.90,1.07,EXITO
905,11.84,0.83,EXITO
906,0.43,1.02,EXITO
907,0.83,1.03,EXITO
899,0.76,1.26,EXITO
922,0.58,1.20,EXITO
901,0.72,1.23,EXITO
916,0.54,1.19,EXITO
924,3.16,1.10,EXITO
912,0.72,1.26,EXITO
902,0.86,1.00,EXITO
915,0.42,1.06,EXITO
911,0.68,1.22,EXITO
904,0.64,1.24,EXITO
189,0.58,1.09,EXITO
907,0.48,1.07,EXITO
911,0.48,1.09,EXITO
915,0.66,1.28,EXITO
913,4.22,0.93,EXITO
914,0.71,1.27,EXITO
912,1.84,1.01,EXITO
912,16.83,0.85,EXITO
906,13.60,0.94,EXITO
906,0.60,1.14,EXITO
906,0.70,1.13,EXITO
922,0.64,1.25,EXITO
930,0.38,1.07,EXITO
931,0.58,1.12,EXITO
932,0.56,1.08,EXITO
915,18.82,0.64,EXITO
912,1.36,1.00,EXITO
909,0.50,1.05,EXITO
925,0.48,1.09,EXITO
935,0.74,1.30,EXITO
921,0.62,1.23,EXITO
911,1.02,1.02,EXITO
927,0.60,1.23,EXITO
923,0.52,1.08,EXITO
912,0.52,1.01,EXITO
921,0.46,1.04,EXITO
913,0.66,1.22,EXITO
921,0.46,1.11,EXITO
914,0.54,1.15,EXITO
920,0.58,1.12,EXITO
923,0.82,1.27,EXITO
913,5.30,0.90,EXITO
923,0.50,1.08,EXITO
914,0.69,1.04,EXITO
915,1.49,1.06,EXITO
923,0.60,1.16,EXITO
926,0.50,1.10,EXITO
927,0.33,1.06,EXITO
919,0.68,1.20,EXITO
915,0.60,1.11,EXITO
929,0.72,1.15,EXITO
929,0.62,1.09,EXITO
931,0.28,1.03,EXITO
932,0.77,1.17,EXITO
925,0.56,1.13,EXITO
935,0.40,1.02,EXITO
921,0.66,1.24,EXITO
921,0.70,1.23,EXITO
919,0.50,1.00,EXITO
920,0.63,1.16,EXITO
927,0.66,1.22,EXITO
924,0.70,1.23,EXITO
924,0.68,1.20,EXITO
938,14.56,0.86,EXITO
925,1.14,1.01,EXITO
930,0.40,1.06,EXITO
930,0.70,1.23,EXITO
930,0.74,1.28,EXITO
932,2.74,1.08,EXITO
931,5.51,0.97,EXITO
913,0.98,1.01,EXITO
932,0.50,1.05,EXITO
934,0.78,1.01,EXITO
934,0.82,1.11,EXITO
949,0.58,1.18,EXITO
926,0.84,1.17,EXITO
939,0.64,1.26,EXITO
937,0.62,1.23,EXITO
935,19.96,0.63,EXITO
938,0.50,1.05,EXITO
939,0.71,1.02,EXITO
936,0.36,1.05,EXITO
953,0.48,1.15,EXITO
945,0.56,1.13,EXITO
932,2.72,0.95,EXITO
933,0.64,1.23,EXITO
918,0.62,1.20,EXITO
939,16.76,0.79,EXITO
954,16.13,0.66,EXITO
941,1.12,1.01,EXITO
942,0.67,1.20,EXITO
938,1.52,1.11,EXITO
947,0.48,1.10,EXITO
932,19.60,0.71,EXITO
956,0.36,1.04,EXITO
941,0.70,1.09,EXITO
931,0.74,1.12,EXITO
934,1.60,0.98,EXITO
960,0.62,1.19,EXITO
961,0.68,1.24,EXITO
962,0.67,1.27,EXITO
924,0.44,1.09,EXITO
937,0.86,1.03,EXITO
938,1.46,1.18,EXITO
944,0.46,1.01,EXITO
940,0.72,1.24,EXITO
945,0.66,1.20,EXITO
950,0.52,1.09,EXITO
966,0.42,1.07,EXITO
938,0.66,1.25,EXITO
947,0.58,1.12,EXITO
956,0.60,1.21,EXITO
939,0.38,1.05,EXITO
949,0.44,1.11,EXITO
942,0.60,1.16,EXITO
952,0.56,1.07,EXITO
949,0.70,1.29,EXITO
941,2.82,1.08,EXITO
954,0.62,1.05,EXITO
954,10.08,0.84,EXITO
945,6.86,1.01,EXITO
946,0.66,1.22,EXITO
951,0.66,1.06,EXITO
933,0.58,1.21,EXITO
973,0.66,1.21,EXITO
935,0.32,1.04,EXITO
956,0.46,1.02,EXITO
949,0.32,1.01,EXITO
959,0.72,1.21,EXITO
956,0.56,1.14,EXITO
956,0.54,1.11,EXITO
957,0.85,1.25,EXITO
958,0.70,1.28,EXITO
951,0.58,1.11,EXITO
961,0.78,1.25,EXITO
963,0.48,1.11,EXITO
955,0.68,1.02,EXITO
956,7.46,0.87,EXITO
952,0.56,1.12,EXITO
957,4.44,1.01,EXITO
966,0.46,1.02,EXITO
954,0.40,1.03,EXITO
952,0.42,1.09,EXITO
964,0.38,1.01,EXITO
968,0.48,1.03,EXITO
969,0.55,1.15,EXITO
970,0.67,1.23,EXITO
967,6.04,0.89,EXITO
969,0.52,1.04,EXITO
970,0.67,1.23,EXITO
963,0.44,1.07,EXITO
973,0.52,1.10,EXITO
974,0.62,1.06,EXITO
973,0.58,1.06,EXITO
962,0.66,1.28,EXITO
966,0.62,1.07,EXITO
949,0.54,1.16,EXITO
969,0.54,1.17,EXITO
969,0.70,1.20,EXITO
970,0.44,1.08,EXITO
975,0.46,1.10,EXITO
964,0.54,1.13,EXITO
961,0.52,1.08,EXITO
972,0.62,1.20,EXITO
963,0.66,1.06,EXITO
972,0.52,1.05,EXITO
975,0.62,1.22,EXITO
980,0.16,1.01,EXITO
975,0.68,1.27,EXITO
977,0.58,1.18,EXITO
955,1.48,0.98,EXITO
981,0.52,1.14,EXITO
969,0.58,1.20,EXITO
967,0.62,1.21,EXITO
957,0.48,1.05,EXITO
977,0.60,1.16,EXITO
975,0.44,1.08,EXITO
974,0.52,1.09,EXITO
971,0.66,1.23,EXITO
972,0.47,1.06,EXITO
962,0.40,1.04,EXITO
983,0.54,1.12,EXITO
987,1.12,1.07,EXITO
989,0.50,1.00,EXITO
991,0.66,1.12,EXITO
992,0.54,1.04,EXITO
976,0.46,1.04,EXITO
991,0.72,1.02,EXITO
992,0.62,1.22,EXITO
978,0.72,1.27,EXITO
990,0.58,1.11,EXITO
981,0.28,1.04,EXITO
982,0.46,1.12,EXITO
992,14.54,0.75,EXITO
980,0.66,1.19,EXITO
980,0.56,1.07,EXITO
970,0.58,1.11,EXITO
989,0.40,1.03,EXITO
982,0.48,1.06,EXITO
988,0.50,1.05,EXITO
993,0.48,1.11,EXITO
994,0.52,1.09,EXITO
1000,0.36,1.03,EXITO
996,0.60,1.18,EXITO
985,0.56,1.17,EXITO
991,0.68,1.30,EXITO
986,7.90,0.97,EXITO
993,0.66,1.24,EXITO
988,0.48,1.14,EXITO
1000,0.42,1.02,EXITO
987,3.16,0.99,EXITO
1000,0.70,1.27,EXITO
1001,0.31,1.05,EXITO
991,0.60,1.03,EXITO
989,0.58,1.18,EXITO
1005,0.50,1.01,EXITO
991,0.36,1.06,EXITO
1013,0.54,1.14,EXITO
1014,0.27,1.01,EXITO
992,1.30,1.02,EXITO
1004,0.52,1.14,EXITO
1016,2.76,1.02,EXITO
999,0.64,1.22,EXITO
996,0.44,1.05,EXITO
996,0.54,1.12,EXITO
998,0.48,1.12,EXITO
998,0.42,1.08,EXITO
1020,0.72,1.27,EXITO
1021,0.54,1.03,EXITO
1008,0.70,1.28,EXITO
1009,0.68,1.21,EXITO
996,0.56,1.21,EXITO
1003,0.44,1.09,EXITO
998,0.76,1.25,EXITO
998,0.52,1.15,EXITO
998,5.52,0.92,EXITO
1000,0.44,1.04,EXITO
1025,0.66,1.05,EXITO
1026,0.48,1.04,EXITO
1001,1.98,1.02,EXITO
1009,0.64,1.20,EXITO
990,0.66,1.21,EXITO
1004,0.48,1.06,EXITO
207,21.10,0.52,EXITO
1005,0.64,1.27,EXITO
1006,0.49,1.12,EXITO
1007,0.66,1.24,EXITO
1007,0.38,1.02,EXITO
1011,0.74,1.29,EXITO
1015,0.72,1.29,EXITO
1018,7.72,1.01,EXITO
1019,0.50,1.13,EXITO
1019,0.61,1.20,EXITO
1020,1.34,1.06,EXITO
1021,0.60,1.21,EXITO
1011,0.52,1.09,EXITO
1010,0.84,1.14,EXITO
1011,0.64,1.25,EXITO
1013,17.30,0.64,EXITO
1034,19.64,0.62,EXITO
1011,0.40,1.07,EXITO
1013,0.32,1.00,EXITO
996,0.42,1.03,EXITO
1015,0.34,1.02,EXITO
1015,0.64,1.20,EXITO
1015,0.72,1.06,EXITO
1025,1.92,1.05,EXITO
1015,0.76,1.27,EXITO
999,0.62,1.19,EXITO
1000,0.60,1.22,EXITO
1017,19.78,0.65,EXITO
1019,0.53,1.08,EXITO
1022,0.60,1.18,EXITO
1023,0.72,1.22,EXITO
1028,0.30,1.04,EXITO
1021,0.54,1.15,EXITO
1003,0.52,1.04,EXITO
1030,0.74,1.26,EXITO
1019,0.58,1.19,EXITO
1017,15.32,0.66,EXITO
1028,0.48,1.06,EXITO
1021,0.58,1.18,EXITO
1016,0.52,1.06,EXITO
1042,0.70,1.28,EXITO
1018,0.46,1.07,EXITO
1031,0.74,1.25,EXITO
1020,0.52,1.15,EXITO
1035,0.50,1.03,EXITO
1008,6.08,0.89,EXITO
1020,0.58,1.21,EXITO
1021,1.01,1.11,EXITO
1022,0.62,1.20,EXITO
211,0.74,1.29,EXITO
1029,0.56,1.06,EXITO
1024,0.34,1.04,EXITO
1035,7.66,0.93,EXITO
1037,0.46,1.12,EXITO
1032,0.54,1.02,EXITO
1027,0.66,1.23,EXITO
1028,0.43,1.03,EXITO
1041,0.42,1.09,EXITO
1034,0.46,1.10,EXITO
1035,0.59,1.19,EXITO
1027,0.72,1.29,EXITO
1037,0.52,1.12,EXITO
1038,0.39,1.03,EXITO
1037,0.56,1.14,EXITO
1031,0.64,1.01,EXITO
1053,0.74,1.02,EXITO
1041,0.50,1.16,EXITO
1032,0.92,1.04,EXITO
1033,0.62,1.18,EXITO
1032,0.38,1.04,EXITO
1033,0.52,1.10,EXITO
1038,2.64,0.99,EXITO
1045,0.44,1.10,EXITO
1037,0.46,1.03,EXITO
1044,0.38,1.00,EXITO
1036,1.14,1.08,EXITO
1042,1.18,1.04,EXITO
1049,0.58,1.18,EXITO
1044,0.56,1.17,EXITO
1061,0.62,1.16,EXITO
1040,0.68,1.23,EXITO
1051,0.58,1.14,EXITO
1053,0.66,1.24,EXITO
1025,0.64,1.09,EXITO
1041,0.58,1.05,EXITO
1042,0.49,1.09,EXITO
1063,0.60,1.12,EXITO
1043,0.53,1.12,EXITO
1051,0.28,1.03,EXITO
1042,0.66,1.20,EXITO
1039,0.62,1.20,EXITO
1053,0.80,1.09,EXITO
1042,1.18,1.04,EXITO
1048,0.70,1.05,EXITO
215,30.60,0.33,EXITO
216,0.59,1.22,EXITO
1055,0.50,1.09,EXITO
1051,0.50,1.04,EXITO
1047,0.50,1.08,EXITO
1044,0.78,1.15,EXITO
1046,0.34,1.01,EXITO
1047,0.74,1.30,EXITO
1052,0.64,1.14,EXITO
1047,0.70,1.29,EXITO
1050,2.38,1.15,EXITO
1048,0.71,1.26,EXITO
1050,1.14,1.01,EXITO
1033,0.66,1.03,EXITO
1048,1.52,0.99,EXITO
1051,0.60,1.19,EXITO
1052,0.50,1.05,EXITO
1035,0.66,1.11,EXITO
1036,7.07,1.06,EXITO
1055,0.86,1.19,EXITO
1056,0.45,1.08,EXITO
1057,0.70,1.27,EXITO
1055,0.60,1.17,EXITO
1063,0.68,1.23,EXITO
1062,0.54,1.09,EXITO
1050,0.56,1.11,EXITO
1054,0.54,1.10,EXITO
1055,0.71,1.25,EXITO
1065,0.78,1.28,EXITO
1050,1.10,1.16,EXITO
1040,0.40,1.01,EXITO
1052,1.26,0.98,EXITO
1065,0.48,1.02,EXITO
1057,0.46,1.10,EXITO
1054,0.64,1.07,EXITO
1076,0.68,1.20,EXITO
1077,0.50,1.13,EXITO
1042,0.72,1.17,EXITO
1052,2.06,1.01,EXITO
1043,0.59,1.18,EXITO
1060,0.54,1.09,EXITO
1061,12.44,0.90,EXITO
1064,0.72,1.05,EXITO
1060,0.58,1.00,EXITO
1060,0.32,1.06,EXITO
1067,0.60,1.22,EXITO
1084,0.80,1.25,EXITO
1069,0.62,1.24,EXITO
1059,0.70,1.18,EXITO
1066,1.52,1.02,EXITO
1064,0.66,1.16,EXITO
1063,0.68,1.19,EXITO
1064,0.62,1.20,EXITO
1065,0.38,1.07,EXITO
1066,0.58,1.20,EXITO
1066,0.52,1.02,EXITO
1051,0.88,1.03,EXITO
1061,5.02,1.03,EXITO
1076,0.56,1.04,EXITO
1069,0.66,1.00,EXITO
1073,1.82,1.00,EXITO
1078,0.60,1.01,EXITO
221,0.66,1.28,EXITO
1068,0.48,1.06,EXITO
1065,1.58,1.00,EXITO
1065,0.64,1.08,EXITO
1074,0.72,1.16,EXITO
1071,1.28,1.07,EXITO
1071,0.90,1.03,EXITO
1073,0.60,1.16,EXITO
1082,19.80,0.63,EXITO
1075,0.50,1.08,EXITO
1074,0.78,1.09,EXITO
1059,0.54,1.12,EXITO
1074,0.54,1.06,EXITO
1075,5.18,0.90,EXITO
223,0.68,1.28,EXITO
1080,0.62,1.07,EXITO
1061,0.80,1.00,EXITO
1076,0.54,1.06,EXITO
1079,0.40,1.06,EXITO
1083,0.46,1.01,EXITO
1079,0.44,1.03,EXITO
1081,0.56,1.13,EXITO
1064,0.50,1.11,EXITO
1077,0.56,1.14,EXITO
1078,0.61,1.02,EXITO
1083,0.50,1.13,EXITO
1067,0.64,1.18,EXITO
1080,7.72,0.87,EXITO
1081,0.56,1.08,EXITO
1086,0.46,1.09,EXITO
1075,1.88,1.01,EXITO
1076,0.36,1.04,EXITO
1083,0.50,1.09,EXITO
1092,0.56,1.16,EXITO
1070,0.58,1.17,EXITO
1071,1.69,0.99,EXITO
1083,3.18,1.09,EXITO
1085,0.74,1.05,EXITO
1089,0.50,1.04,EXITO
1087,0.62,1.12,EXITO
1087,0.68,1.21,EXITO
1075,3.70,0.97,EXITO
1087,0.64,1.22,EXITO
1092,15.08,0.90,EXITO
1090,0.54,1.17,EXITO
1087,0.64,1.19,EXITO
1088,10.67,0.86,EXITO
1089,0.64,1.22,EXITO
1092,0.52,1.14,EXITO
1094,1.00,1.04,EXITO
1089,0.60,1.18,EXITO
1095,0.78,1.05,EXITO
1092,0.80,1.25,EXITO
1084,0.68,1.26,EXITO
1096,0.74,1.30,EXITO
1086,0.66,1.28,EXITO
1109,0.44,1.04,EXITO
227,0.52,1.18,EXITO
1087,0.86,1.07,EXITO
1095,0.54,1.13,EXITO
1098,0.86,1.02,EXITO
1096,0.52,1.16,EXITO
1099,0.62,1.23,EXITO
1100,0.34,1.01,EXITO
1089,0.48,1.04,EXITO
1100,0.64,1.18,EXITO
1102,0.38,1.01,EXITO
1090,0.36,1.07,EXITO
1097,0.72,1.27,EXITO
1106,0.58,1.08,EXITO
1103,0.56,1.09,EXITO
1104,0.66,1.24,EXITO
1105,0.58,1.17,EXITO
1115,0.64,1.01,EXITO
1102,11.30,0.80,EXITO
1109,0.68,1.17,EXITO
1102,0.66,1.02,EXITO
1100,3.40,0.99,EXITO
1105,1.64,1.07,EXITO
1112,0.64,1.03,EXITO
1113,0.29,1.01,EXITO
1091,0.48,1.11,EXITO
1112,0.66,1.21,EXITO
1105,0.58,1.18,EXITO
1107,0.32,1.02,EXITO
230,4.66,1.03,EXITO
1106,4.70,0.91,EXITO
1107,0.77,1.23,EXITO
1107,0.52,1.05,EXITO
1100,0.70,1.23,EXITO
1116,0.54,1.12,EXITO
1110,7.50,1.09,EXITO
1109,13.46,0.72,EXITO
1105,0.56,1.02,EXITO
1125,3.64,0.97,EXITO
1126,0.85,1.01,EXITO
1104,0.42,1.05,EXITO
1120,0.56,1.17,EXITO
1114,0.74,1.11,EXITO
1108,0.82,1.12,EXITO
1122,0.86,1.16,EXITO
1098,0.48,1.12,EXITO
1115,0.86,1.05,EXITO
1117,3.96,1.01,EXITO
1108,2.14,0.96,EXITO
1106,0.60,1.20,EXITO
1107,0.63,1.26,EXITO
1101,3.82,1.07,EXITO
1126,0.28,1.03,EXITO
1121,0.68,1.26,EXITO
1119,0.56,1.17,EXITO
1119,0.68,1.09,EXITO
1116,0.48,1.01,EXITO
1121,0.70,1.21,EXITO
1115,5.82,0.95,EXITO
1118,19.66,0.60,EXITO
1125,0.58,1.17,EXITO
1127,0.46,1.02,EXITO
1128,0.61,1.24,EXITO
1127,0.74,1.29,EXITO
1119,0.90,1.27,EXITO
1119,0.40,1.06,EXITO
1122,0.74,1.03,EXITO
1130,0.64,1.04,EXITO
1118,0.72,1.29,EXITO
1131,0.62,1.23,EXITO
1122,0.60,1.18,EXITO
1128,8.70,0.84,EXITO
1131,2.38,1.04,EXITO
1123,0.48,0.99,EXITO
1131,0.62,1.24,EXITO
1133,0.42,1.03,EXITO
1134,0.35,1.05,EXITO
1117,0.72,1.27,EXITO
1137,0.64,1.21,EXITO
1119,0.50,1.10,EXITO
1127,9.82,0.88,EXITO
1128,0.52,1.11,EXITO
1131,0.44,1.09,EXITO
236,0.56,1.06,EXITO
237,0.25,1.02,EXITO
1145,0.74,1.07,EXITO
1136,0.56,1.20,EXITO
1137,0.52,1.18,EXITO
1123,2.12,1.02,EXITO
1141,0.60,1.06,EXITO
1133,0.46,1.05,EXITO
1137,0.46,1.11,EXITO
1135,10.34,0.96,EXITO
1136,0.66,1.25,EXITO
1139,0.66,1.02,EXITO
1143,0.38,1.05,EXITO
1140,0.62,1.24,EXITO
1135,0.66,1.01,EXITO
1132,0.52,1.01,EXITO
1141,0.42,1.11,EXITO
1136,0.66,1.22,EXITO
1127,0.88,1.11,EXITO
1145,0.48,1.14,EXITO
1136,17.90,0.60,EXITO
1140,0.52,1.02,EXITO
1145,0.66,1.15,EXITO
1143,0.68,1.30,EXITO
1154,0.74,1.29,EXITO
1147,0.48,1.13,EXITO
1137,1.48,1.09,EXITO
1152,0.56,1.05,EXITO
1149,0.72,1.21,EXITO
1147,0.54,1.12,EXITO
1147,0.68,1.29,EXITO
1148,0.49,1.16,EXITO
1142,0.62,1.23,EXITO
1152,0.62,1.24,EXITO
1153,0.53,1.19,EXITO
1152,0.30,1.01,EXITO
1139,5.90,0.95,EXITO
1140,0.56,1.02,EXITO
1143,0.64,1.17,EXITO
1135,0.70,1.18,EXITO
1152,0.36,1.07,EXITO
1144,0.82,1.16,EXITO
1158,0.54,0.99,EXITO
1160,0.54,1.14,EXITO
1161,0.37,1.05,EXITO
1148,3.80,0.92,EXITO
1155,0.38,1.03,EXITO
1156,0.37,1.05,EXITO
1153,0.46,1.06,EXITO
1146,0.56,1.19,EXITO
1156,0.52,1.17,EXITO
1165,0.58,1.14,EXITO
1151,0.76,1.03,EXITO
1152,0.71,1.29,EXITO
1159,0.72,1.03,EXITO
1160,0.47,1.11,EXITO
1156,0.42,1.11,EXITO
1153,0.64,1.12,EXITO
1150,0.54,1.07,EXITO
1151,0.59,1.23,EXITO
1152,0.59,1.23,EXITO
1153,0.63,1.06,EXITO
1154,2.31,0.99,EXITO
1155,0.62,1.02,EXITO
1143,0.64,1.22,EXITO
1157,0.64,1.19,EXITO
1158,0.72,1.29,EXITO
1159,0.69,1.29,EXITO
1168,0.52,1.14,EXITO
1161,0.32,1.05,EXITO
1166,8.42,0.95,EXITO
1167,0.57,1.09,EXITO
1158,0.38,1.07,EXITO
1155,0.56,1.18,EXITO
1162,0.58,1.14,EXITO
1169,0.48,1.15,EXITO
1164,2.98,0.96,EXITO
1156,6.56,0.85,EXITO
1162,0.56,1.18,EXITO
1157,0.59,1.23,EXITO
1168,0.66,1.16,EXITO
1166,0.58,1.19,EXITO
1172,7.42,1.09,EXITO
1160,0.54,1.11,EXITO
1168,0.34,1.03,EXITO
1164,0.46,1.10,EXITO
1172,0.52,1.13,EXITO
1165,12.66,0.77,EXITO
1174,0.62,1.19,EXITO
1167,15.96,0.65,EXITO
1163,0.50,1.06,EXITO
1179,6.28,0.99,EXITO
1173,0.38,1.08,EXITO
1181,0.70,1.16,EXITO
1171,0.92,1.00,EXITO
244,33.78,0.21,EXITO
1167,0.46,1.11,EXITO
1167,9.82,0.77,EXITO
1170,0.58,1.20,EXITO
1171,0.60,1.20,EXITO
1176,0.50,1.03,EXITO
1172,0.46,1.08,EXITO
1177,0.45,1.09,EXITO
1173,0.48,1.02,EXITO
1174,0.58,1.18,EXITO
1164,14.60,0.87,EXITO
1179,0.52,1.13,EXITO
1181,0.44,1.03,EXITO
1178,0.54,1.01,EXITO
1184,0.44,1.07,EXITO
1188,0.60,1.12,EXITO
1177,0.78,1.06,EXITO
1181,1.30,1.02,EXITO
1173,0.54,1.15,EXITO
1185,0.64,1.20,EXITO
1187,0.52,1.17,EXITO
1175,0.58,1.18,EXITO
1188,0.50,1.04,EXITO
1183,0.56,1.17,EXITO
1166,0.50,1.13,EXITO
1172,0.62,1.12,EXITO
1178,0.56,1.09,EXITO
1188,0.76,1.25,EXITO
1183,0.58,1.17,EXITO
1179,0.52,1.14,EXITO
1182,0.56,1.18,EXITO
1185,0.30,1.01,EXITO
1188,0.66,1.17,EXITO
1169,0.52,1.14,EXITO
1170,0.52,1.16,EXITO
1196,0.66,1.03,EXITO
1187,0.64,1.22,EXITO
1176,0.72,1.31,EXITO
1188,0.68,1.28,EXITO
1187,0.56,1.20,EXITO
1192,0.58,1.11,EXITO
1195,0.46,1.12,EXITO
1187,0.50,1.05,EXITO
1194,0.74,1.27,EXITO
1180,0.42,1.11,EXITO
1197,2.68,0.97,EXITO
1196,0.26,1.03,EXITO
1182,0.36,1.03,EXITO
1191,0.80,1.20,EXITO
1199,0.96,0.99,EXITO
1187,1.10,0.99,EXITO
1191,0.56,1.12,EXITO
1192,0.60,1.11,EXITO
1190,0.38,1.07,EXITO
1206,0.58,1.18,EXITO
1204,0.72,1.19,EXITO
1195,0.54,1.16,EXITO
1197,0.50,1.02,EXITO
1198,1.77,0.99,EXITO
1199,0.70,1.28,EXITO
1200,0.75,1.22,EXITO
1197,0.58,1.18,EXITO
1183,4.44,0.92,EXITO
1207,0.56,1.13,EXITO
1202,0.58,1.01,EXITO
1185,0.80,1.22,EXITO
1202,0.48,1.13,EXITO
1208,0.64,1.27,EXITO
1209,0.67,1.30,EXITO
1207,0.54,1.17,EXITO
1197,4.46,1.02,EXITO
1212,0.36,1.07,EXITO
1189,0.50,1.14,EXITO
1203,0.66,1.19,EXITO
1212,0.44,1.06,EXITO
1204,0.70,1.24,EXITO
1206,1.04,0.99,EXITO
1209,0.70,1.23,EXITO
1195,0.50,1.02,EXITO
1196,0.69,1.29,EXITO
1208,0.44,1.08,EXITO
1209,0.60,1.11,EXITO
1215,0.48,0.99,EXITO
1203,0.72,1.27,EXITO
1211,0.54,1.16,EXITO
1211,0.48,1.14,EXITO
251,0.48,1.09,EXITO
252,0.63,1.19,EXITO
1201,0.50,1.11,EXITO
1213,7.26,0.96,EXITO
1214,0.48,1.03,EXITO
1215,0.58,1.20,EXITO
1207,3.62,0.96,EXITO
1201,0.54,1.00,EXITO
1195,6.30,0.87,EXITO
1210,0.40,1.05,EXITO
1210,0.46,1.03,EXITO
1211,0.48,1.06,EXITO
1213,1.52,1.09,EXITO
1204,0.58,1.08,EXITO
1206,0.58,1.22,EXITO
1212,0.60,1.21,EXITO
1221,0.56,1.20,EXITO
1199,0.38,1.05,EXITO
1222,0.47,1.06,EXITO
1216,0.74,1.29,EXITO
1217,0.52,1.08,EXITO
1218,0.56,1.18,EXITO
1210,0.40,1.08,EXITO
1211,0.56,1.16,EXITO
1224,0.28,1.03,EXITO
1223,0.46,1.06,EXITO
1226,0.64,1.24,EXITO
1217,1.16,1.10,EXITO
1223,5.44,0.89,EXITO
1214,0.32,1.03,EXITO
1229,0.30,1.02,EXITO
1230,0.37,1.03,EXITO
1231,0.59,1.16,EXITO
1223,0.68,1.28,EXITO
1206,0.68,1.27,EXITO
1223,0.58,1.16,EXITO
1218,0.62,1.18,EXITO
1229,0.58,1.14,EXITO
1222,0.54,1.13,EXITO
1231,0.52,1.13,EXITO
1224,0.72,1.26,EXITO
1226,0.62,1.22,EXITO
1219,0.54,1.19,EXITO
1225,0.50,1.12,EXITO
1218,0.34,1.01,EXITO
1234,0.62,1.03,EXITO
1231,0.50,1.08,EXITO
1233,0.54,1.05,EXITO
1214,0.68,1.24,EXITO
1231,0.72,1.32,EXITO
1240,0.64,1.14,EXITO
1235,0.54,1.12,EXITO
1236,1.37,1.02,EXITO
1238,0.64,1.17,EXITO
1239,0.64,0.99,EXITO
1233,0.44,1.09,EXITO
1234,0.54,1.17,EXITO
1228,1.18,1.05,EXITO
1235,15.52,0.78,EXITO
1241,0.74,1.11,EXITO
1237,0.56,1.19,EXITO
1226,0.64,1.02,EXITO
1239,16.74,0.62,EXITO
1245,0.66,1.13,EXITO
1240,0.48,1.13,EXITO
1241,0.53,1.04,EXITO
1230,0.36,1.06,EXITO
1243,0.48,1.09,EXITO
1244,0.54,1.09,EXITO
1242,0.46,1.10,EXITO
1246,0.64,1.05,EXITO
1239,0.50,1.08,EXITO
1248,0.62,1.09,EXITO
1247,0.54,1.07,EXITO
1235,0.66,1.25,EXITO
1248,0.60,1.19,EXITO
1241,0.40,1.05,EXITO
1241,0.46,1.04,EXITO
1239,0.66,1.24,EXITO
1240,0.69,1.30,EXITO
1254,0.52,1.12,EXITO
1250,1.38,1.01,EXITO
1253,0.46,1.09,EXITO
1230,0.62,1.25,EXITO
1247,0.30,1.02,EXITO
1254,0.62,1.23,EXITO
1257,0.56,1.10,EXITO
1253,1.48,1.17,EXITO
1253,0.54,1.11,EXITO
1245,0.32,1.02,EXITO
